A Closer Look	a-closer-look.com/	A Closer Look
	accelerantresearch.com	[www.accelerantresearch.com](https://www.accelerantresearch.com)
	actone-research.com	[www.actone-research.com](https://www.actone-research.com)
	adlerweiner.com	[www.adlerweiner.com](https://www.adlerweiner.com)
	amplifyresearch.com	[www.amplifyresearch.com](https://www.amplifyresearch.com)
	ApexFocusGroup.com	[www.ApexFocusGroup.com](https://www.ApexFocusGroup.com)
Adler Weiner Research	adlerweiner.com	https://adlerweiner.com
Respondent	Respondent.io	https://app.respondent.io/r/genepalmer-72e22a7fea4f
ATH Power Consulting Corporation	athpower.com/	https://www.athpower.com/
	atkinsresearch.com	[www.atkinsresearch.com](https://www.atkinsresearch.com)
Become a Thinker	becomeathinker.com/join-our-database/	https://www.becomeathinker.com/join-our-database/
Best Mark International	bestmark.com/	https://www.bestmark.com/
Bezel Research	bezelrr.com	https://www.facebook.com/bezelrr/
Big Bang recruiting	bigbangrecruiting.com	[www.bigbangrecruiting.com](https://www.bigbangrecruiting.com)
Big Bang recruiting	bigbangrecruiting.com/	http://www.bigbangrecruiting.com/
Brightside Research Solutions	teambrightsider.com	https://teambrightsider.com/
	cartken.com	[www.cartken.com](https://www.cartken.com)
CIC Testing	cictesting.com/CIC/	https://www.cictesting.com/CIC/
	collab-research.com	[www.collab-research.com](https://www.collab-research.com)
Compass Research	compassmarketingresearch.com/sign-up/	https://compassmarketingresearch.com/sign-up/
Confide Research	confideresearch.com	[www.confideresearch.com](https://www.confideresearch.com)
Contract Testing	contracttesting.com/	http://contracttesting.com/
	courtlistener.com	[www.courtlistener.com](https://www.courtlistener.com)
Curion Research	curionpanelist.com	https://curionpanelist.com/
	cypherresearch.com	[www.cypherresearch.com](https://www.cypherresearch.com)
Decision Point Research	DecisionPointResearch.ca	[www.DecisionPointResearch.ca](https://www.DecisionPointResearch.ca)
DScout	dscout.com/	https://dscout.com/
Elliott Benson	elliottbenson.com/participate/	https://www.elliottbenson.com/participate/
End to End Research	endtoenduserresearch.com/	http://www.endtoenduserresearch.com/
	engageindepth.com	[www.engageindepth.com](https://www.engageindepth.com)
	ethicalmind.org	[www.ethicalmind.org](https://www.ethicalmind.org)
	facilitymanagerplus.com	[www.facilitymanagerplus.com](https://www.facilitymanagerplus.com)
FF Focus Group	fffocusgroup.com	[www.fffocusgroup.com](https://www.fffocusgroup.com)
Fleischmann Research	ffrsf.com/	http://www.ffrsf.com/
	fgfinder.com	[www.fgfinder.com](https://www.fgfinder.com)
Field Agent/Storesight	fieldagent.net/	https://www.fieldagent.net/
	fieldgoals.us	[www.fieldgoals.us](https://www.fieldgoals.us)
	fieldvoices.com	[www.fieldvoices.com](https://www.fieldvoices.com)
Fieldwork	fieldwork.com/	http://www.fieldwork.com/
	findpaidfocusgroup.com	[www.findpaidfocusgroup.com](https://www.findpaidfocusgroup.com)
	focus99.com	https://www.focus99.com/
	focuscope.com	[www.focuscope.com](https://www.focuscope.com)
	focusfwd.com	[www.focusfwd.com](https://www.focusfwd.com)
Focus Pointe Global	focusgroup.com/	http://www.focusgroup.com/
	focusgroupconnection.com	[www.focusgroupconnection.com](https://www.focusgroupconnection.com)
	focusgrouppanel.com	[www.focusgrouppanel.com](https://www.focusgrouppanel.com)
	focusgroups.org	[www.focusgroups.org](https://www.focusgroups.org)
	focusinsite.com	[www.focusinsite.com](https://www.focusinsite.com)
	focusroom.com	[www.focusroom.com](https://www.focusroom.com)
	fundsforfocus.com	[www.fundsforfocus.com](https://www.fundsforfocus.com)
	gotolstoy.com	[www.gotolstoy.com](https://www.gotolstoy.com)
Hagen Sinclair Research Recruiting	hagensinclair.com/	https://hagensinclair.com/
Ann Michaels	ishopforyou.com/	https://ishopforyou.com/
	itracks.com	[www.itracks.com](https://www.itracks.com)
JC Research Partners	jcresearchpartners.com	https://alchemer.com/
Jackson Associates	jacksonassociates.com/join.asp	http://www.jacksonassociates.com/join.asp
20/20 Panel	join.2020panel.com/	https://join.2020panel.com/
KSS International	kernscheduling.com/	http://kernscheduling.com/
Eede Research	leedemn.com/	https://leedemn.com/
Leede Research	leedemn.com/	https://leedemn.com/
	leopinions.com	[www.leopinions.com](https://www.leopinions.com)
	leopinions.com	[www.leopinions.com](https://www.leopinions.com)
	leresearch.com	[www.leresearch.com](https://www.leresearch.com)
	limelightbyshugoll.com	[www.limelightbyshugoll.com](https://www.limelightbyshugoll.com)
	localfocusgroup.com	[www.localfocusgroup.com](https://www.localfocusgroup.com)
Macconnell Research	macconnellresearch.com/	http://www.macconnellresearch.com/
Market force	marketforce.com/	https://www.marketforce.com/
MeThinks	methinks.io/	https://www.methinks.io/
MForce Research	mforceresearch.com	mforceresearch.com
	mforceresearch.com	[www.mforceresearch.com](https://www.mforceresearch.com)
	moore-research.com	[www.moore-research.com](https://www.moore-research.com)
Moore Research Services	moore-research.com/	https://www.moore-research.com/
	mooreopinions.com	[www.mooreopinions.com](https://www.mooreopinions.com)
	motional.com	[www.motional.com](https://www.motional.com)
Murray Hill Center	murrayhillnational.com	http://murrayhillnational.com
	murrayhillnational.com	[www.murrayhillnational.com](https://www.murrayhillnational.com)
	mux.com	[www.mux.com](https://www.mux.com)
	mvgrecruiting.com	[www.mvgrecruiting.com](https://www.mvgrecruiting.com)
	myworkdayjobs.com	[www.myworkdayjobs.com](https://www.myworkdayjobs.com)
NDR (National Data Research)	national-data.net/	http://www.national-data.net/
	nelsonrecruiting.com	[www.nelsonrecruiting.com](https://www.nelsonrecruiting.com)
Nelson Recruiting	nelsonrecruiting.com/	https://nelsonrecruiting.com/
New England Focus Group	newenglandfocusgroup.com	[www.newenglandfocusgroup.com](https://www.newenglandfocusgroup.com)
	onlineverdict.com	[www.onlineverdict.com](https://www.onlineverdict.com)
Opinions for Cash	https://opinionsforcash.com/	https://opinionsforcash.com/
	opinionslink.com	[www.opinionslink.com](https://www.opinionslink.com)
	opinionwizard.com	https://www.opinionwizard.com/
	ormanguidance.com	[www.ormanguidance.com](https://www.ormanguidance.com)
	paidforyouropinions.com	[www.paidforyouropinions.com](https://www.paidforyouropinions.com)
	paidviewpoint.com	[www.paidviewpoint.com](https://www.paidviewpoint.com)
Focus Forward	panel.focusfwdonline.com/FFFocusGroup/Register.aspx	https://panel.focusfwdonline.com/FFFocusGroup/Register.aspx
	panelfox.io	[www.panelfox.io](https://www.panelfox.io)
L&E Opinions	participant.facilitymanagerplus.com/ParticipantSignup.aspx	https://participant.facilitymanagerplus.com/ParticipantSignup.aspx
	playbookux.com	[www.playbookux.com](https://www.playbookux.com)
Pragmatic Research	pragmatic-research.com/	http://www.pragmatic-research.com/
	prcmarketresearch.com	[www.prcmarketresearch.com](https://www.prcmarketresearch.com)
Plaza Research	prcmarketresearch.com/join-our-paid-panel	https://www.prcmarketresearch.com/join-our-paid-panel
	preparetopersuade.com	[www.preparetopersuade.com](https://www.preparetopersuade.com)
Private Jury	privatejury.com/	https://privatejury.com/
Probe Market Research	probemarket.com/sign-up-now/	http://www.probemarket.com/sign-up-now/
Product Tube	producttube.com/	https://producttube.com/
	profgmedia.com	[www.profgmedia.com](https://www.profgmedia.com)
PVR Research	pvr-research.com/	http://www.pvr-research.com/
Q-Insights	q-insights.com/	https://q-insights.com/
	rarepatientvoice.com	[www.rarepatientvoice.com](https://www.rarepatientvoice.com)
	rational-online.com	[www.rational-online.com](https://www.rational-online.com)
	raytrckr.com	[www.raytrckr.com](https://www.raytrckr.com)
	reckner.com	[www.reckner.com](https://www.reckner.com)
	recollective.com	[www.recollective.com](https://www.recollective.com)
	recruitandfield.com	[www.recruitandfield.com](https://www.recruitandfield.com)
	respondent.io	[www.respondent.io](https://www.respondent.io)
	round2research.com	[www.round2research.com](https://www.round2research.com)
	runwayml.com	[www.runwayml.com](https://www.runwayml.com)
Recruit and Field	s2.focuspocussorecruitandfield.com/register-as-a-participantftware.com/WP_RAF/Register	https://s2.focuspocussohttps://www.recruitandfield.com/register-as-a-participantftware.com/WP_RAF/Register
	sago.com	[www.sago.com](https://www.sago.com)
	sago.com	[www.sago.com](https://www.sago.com)
Schlesinger Associates (SAGO)	sago.com/en/get-in-touch/join-our-panel/	https://sago.com/en/get-in-touch/join-our-panel/
Secret Shopper	secretshopper.com/	https://www.secretshopper.com/
Watchlab	signup.watchlab.com/	http://signup.watchlab.com/
	sisinternational.com	[www.sisinternational.com](https://www.sisinternational.com)
	surveysparrow-ai.info	[www.surveysparrow-ai.info](https://www.surveysparrow-ai.info)
	surveysparrow.com	[www.surveysparrow.com](https://www.surveysparrow.com)
Talking Heads	talkingheadsstudio.com/	http://www.talkingheadsstudio.com/
	tembo.health	[www.tembo.health](https://www.tembo.health)
	thediamondlists.com	[www.thediamondlists.com](https://www.thediamondlists.com)
Trendsource	trendsource.com/	https://www.trendsource.com/
User Insight	userinsight.com/	http://www.userinsight.com/
	userinterviews.com	[www.userinterviews.com](https://www.userinterviews.com)
User Interviews	userinterviews.com/browse	https://www.userinterviews.com/browse
Videochat Network	videochatnetwork.net/	https://www.videochatnetwork.net/
Watch Me Think	watchmethink.com/	https://watchmethink.com/
	wilkinsresearch.com	[www.wilkinsresearch.com](https://www.wilkinsresearch.com)
Wilkins Research Services	wilkinsresearch.net	http://wilkinsresearch.net
Winn Winn Research	winnwinn.com	winnwinn.com
