Company,Type,URL
Accelerant Research,Browsable,https://www.accelerantresearch.com/availableresearch
Reckner,Email-only,https://www.reckner.com
The Heard,Email-only,https://www.betheheard.com
Opinions Link,Email-only,https://www.opinionslink.com
Opinions by Sync,Browsable,https://community.opinionsbysync.com/s/Jobsite
Galloway Research,Browsable,https://www.questionspace.net/category/upcoming-studies/
User Interviews,Browsable,https://www.userinterviews.com/studies
Daisy Mae Research,Browsable,https://daisymaeresearch.com/projects/
PRC,Browsable,https://www.prcmarketresearch.com/upcomingprojects
Nelson Recruiting,Email-only,https://nelsonrecruiting.com
User Research International,Browsable (login),https://app.uriux.com/studies
Become A Thinker,Browsable,https://becomeathinker.com/upcoming-studies/
10K Voices,Unclear,https://community.10kvoices.com
Adler Weiner Research,Email-only,https://adlerweiner.com
Advanced Focus,Unclear,https://ow.advancedfocus.com
Advanced Opinions,Unclear,http://register.advancedopinions.com
Respondent,Browsable (login),https://app.respondent.io/respondents/v2/projects/browse
Prolific,Browsable (login),https://app.prolific.com/
dscout,Browsable (mobile app),https://dscout.com
Fieldwork,Email-only,https://www.fieldwork.com
